{
    "32": {
        "center": [
            51.87761065749893,
            -6.212806188225187,
            -4.440996991834979
        ]
    },
    "81": {
        "center": [
            -24.436436963001924,
            -22.01507978257058,
            -14.500087673154482
        ]
    },
    "66": {
        "center": [
            -38.879742579963505,
            -39.655556622802806,
            -23.041302468542888
        ]
    },
    "4": {
        "center": [
            5.1501440433824826,
            42.964921199796635,
            -15.627351296390444
        ]
    },
    "38": {
        "center": [
            21.152388172858224,
            -4.24564063684609,
            -1.0409401061410222
        ]
    },
    "17": {
        "center": [
            51.94514313091388,
            -39.391424122649425,
            22.925899309298515
        ]
    },
    "43": {
        "center": [
            -43.78751857355127,
            40.90341753343239,
            -12.305349182763742
        ]
    },
    "27": {
        "center": [
            25.74093655589124,
            -2.481873111782477,
            -33.99773413897281
        ]
    },
    "47": {
        "center": [
            -47.863408890197235,
            17.72107742125405,
            12.860612304974978
        ]
    },
    "72": {
        "center": [
            -52.921108742004265,
            -44.04397654584221,
            6.748667377398718
        ]
    },
    "55": {
        "center": [
            -5.850389321468299,
            -7.021134593993324,
            32.615127919911004
        ]
    },
    "62": {
        "center": [
            -6.488964346349746,
            -75.34770797962648,
            17.068251273344657
        ]
    },
    "9": {
        "center": [
            37.42071802543006,
            13.237097980553472,
            46.12291199202194
        ]
    },
    "53": {
        "center": [
            -7.0165955429113325,
            38.41631104788999,
            0.34376481744902776
        ]
    },
    "19": {
        "center": [
            48.2563015312132,
            -58.10770318021201,
            24.35406360424028
        ]
    },
    "7": {
        "center": [
            31.85822796324934,
            48.93564086236697,
            17.001319021195314
        ]
    },
    "21": {
        "center": [
            6.97248427672956,
            -78.69772012578616,
            21.93081761006289
        ]
    },
    "46": {
        "center": [
            -46.73709483793516,
            33.55006002400961,
            1.9438175270108076
        ]
    },
    "59": {
        "center": [
            -23.529675638371288,
            -63.96877156659765,
            46.58114791810445
        ]
    },
    "61": {
        "center": [
            -8.06849315068493,
            -55.31239248168207,
            39.269576298184134
        ]
    },
    "3": {
        "center": [
            8.08987341772152,
            65.97594936708862,
            -11.810126582278485
        ]
    },
    "42": {
        "center": [
            -27.62511154738533,
            35.16857040870963,
            -15.487060503301805
        ]
    },
    "51": {
        "center": [
            -40.76395671109938,
            -7.024877920021112,
            41.442325458624794
        ]
    },
    "24": {
        "center": [
            15.099024859222638,
            -63.39994506249141,
            -5.098475484136799
        ]
    },
    "48": {
        "center": [
            -32.07533780499659,
            46.90993486925245,
            16.5745601244289
        ]
    },
    "28": {
        "center": [
            28.919234360410833,
            14.954248366013076,
            -35.62138188608777
        ]
    },
    "83": {
        "center": [
            0.05878636858176378,
            -30.516021478959743,
            -33.09539185062998
        ]
    },
    "10": {
        "center": [
            41.72909102490604,
            -4.4334670998152745,
            40.81820498120899
        ]
    },
    "79": {
        "center": [
            -20.148595943837748,
            -5.693837753510138,
            -1.0444617784711454
        ]
    },
    "0": {
        "center": null
    },
    "57": {
        "center": [
            -43.30647140636506,
            -23.417818866072167,
            44.42133682402029
        ]
    },
    "82": {
        "center": [
            -23.705959828778404,
            -2.5469213039183387,
            -20.649324991768196
        ]
    },
    "68": {
        "center": [
            -25.589847259658583,
            0.27605570530099044,
            -37.43530997304582
        ]
    },
    "6": {
        "center": [
            46.78068623983021,
            19.020988091026993,
            8.249027237354085
        ]
    },
    "77": {
        "center": [
            -12.908858603066435,
            8.453151618398635,
            10.126277683134589
        ]
    },
    "11": {
        "center": [
            7.756714876033058,
            -23.41683884297521,
            53.84814049586777
        ]
    },
    "70": {
        "center": [
            -51.92470504111549,
            -30.87693957811942,
            -22.16038612799428
        ]
    },
    "78": {
        "center": [
            -25.393526405451453,
            0.4485054979092524,
            0.34660058850859343
        ]
    },
    "22": {
        "center": [
            11.359335500180578,
            -77.3167208378476,
            7.265799927771752
        ]
    },
    "26": {
        "center": [
            24.223888591322975,
            -26.731655061596143,
            -18.691483663631494
        ]
    },
    "50": {
        "center": [
            -37.366860656637755,
            11.846711320961901,
            44.04161633907984
        ]
    },
    "5": {
        "center": [
            46.561320006346186,
            35.5797239409805,
            3.2146596858638787
        ]
    },
    "73": {
        "center": [
            -51.987753539992354,
            -9.8302334481439,
            -4.51595866819747
        ]
    },
    "1": {
        "center": [
            23.01548250265111,
            36.37242841993637,
            -17.20699893955461
        ]
    },
    "40": {
        "center": [
            26.132363253856944,
            -21.715813464235623,
            -13.723877980364655
        ]
    },
    "20": {
        "center": [
            11.011666785231554,
            -54.36266628725902,
            33.95269260866472
        ]
    },
    "33": {
        "center": [
            43.36435124508519,
            -18.946264744429882,
            7.43512450851901
        ]
    },
    "29": {
        "center": [
            49.9553638723725,
            -24.894564944309522,
            -26.08165145297714
        ]
    },
    "15": {
        "center": [
            9.961874503574265,
            -44.14019062748213,
            13.169181890389197
        ]
    },
    "45": {
        "center": [
            -6.176334642939679,
            46.93598336029581,
            -13.421076958631843
        ]
    },
    "49": {
        "center": [
            -10.842436149312377,
            29.925212835625416,
            41.13480681074
        ]
    },
    "8": {
        "center": [
            11.67968099417078,
            30.299660495804233,
            40.75709435654346
        ]
    },
    "67": {
        "center": [
            -28.185654008438817,
            -26.214662447257382,
            -22.198312236286924
        ]
    },
    "41": {
        "center": [
            23.445417578980297,
            -1.5833593994369721,
            -20.571160462934003
        ]
    },
    "44": {
        "center": [
            -8.7109375,
            66.9609375,
            -8.657812499999999
        ]
    },
    "14": {
        "center": [
            6.220761245674737,
            -14.489273356401384,
            35.80795847750865
        ]
    },