{
    "32": {
        "center": [
            -48.37651176356212,
            -50.59951390239161,
            -9.67711452459654
        ],
        "label": null
    },
    "66": {
        "center": [
            -12.018573136707857,
            -49.48454895708781,
            62.35172047296399
        ],
        "label": null
    },
    "4": {
        "center": [
            -40.39857517810273,
            15.413573303337088,
            -37.13385826771653
        ],
        "label": null
    },
    "38": {
        "center": [
            -9.702943939868462,
            58.39033302014824,
            23.328217976824305
        ],
        "label": null
    },
    "17": {
        "center": [
            50.0,
            51.0,
            1.0
        ],
        "label": null
    },
    "43": {
        "center": [
            -43.23921825903801,
            25.63001968164083,
            26.329926452815855
        ],
        "label": null
    },
    "27": {
        "center": [
            -12.612533682346594,
            -11.456601739933788,
            -10.399307106012785
        ],
        "label": null
    },
    "47": {
        "center": [
            -48.71738483292401,
            -11.888628414080529,
            29.050383270075173
        ],
        "label": null
    },
    "55": {
        "center": [
            -40.53201701756299,
            -79.74331842478455,
            24.790662157739717
        ],
        "label": null
    },
    "62": {
        "center": [
            -11.638454310547331,
            -11.862485318299264,
            63.29718111346017
        ],
        "label": null
    },
    "9": {
        "center": [
            52.153880663974874,
            -56.35890533871691,
            -38.75863615971288
        ],
        "label": null
    },
    "53": {
        "center": [
            25.105790450835457,
            -82.81357060286544,
            26.362489928889204
        ],
        "label": null
    },
    "19": {
        "center": [
            -10.13172828173245,
            59.761328548777435,
            -5.681715763998994
        ],
        "label": null
    },
    "7": {
        "center": [
            -12.92574015170051,
            -11.619219476388551,
            -38.7808906288231
        ],
        "label": null
    },
    "21": {
        "center": [
            53.68215391946629,
            23.82118179652133,
            -4.688944484155343
        ],
        "label": null
    },
    "46": {
        "center": [
            -12.385218551885217,
            -11.163648496981835,
            30.557148057148055
        ],
        "label": null
    },
    "59": {
        "center": [
            -37.763997591812156,
            16.143287176399753,
            55.00662251655629
        ],
        "label": null
    },
    "61": {
        "center": [
            26.064024134752373,
            -12.314589793010981,
            61.99600547501328
        ],
        "label": null
    },
    "3": {
        "center": [
            -25.85164113785558,
            15.01881838074398,
            -37.89277899343545
        ],
        "label": null
    },
    "42": {
        "center": [
            -11.879389471190862,
            29.878027476757268,
            29.876117723692786
        ],
        "label": null
    },
    "51": {
        "center": [
            -48.03743811270883,
            -50.346095429709834,
            28.97078722606861
        ],
        "label": null
    },
    "24": {
        "center": [
            -43.39175292491319,
            27.084358879260932,
            -7.092383424930034
        ],
        "label": null
    },
    "48": {
        "center": [
            57.3700392018676,
            -47.8595339822931,
            27.904417918336776
        ],
        "label": null
    },
    "28": {
        "center": [
            -49.39703886269467,
            -11.941973853407632,
            -10.596906700957277
        ],
        "label": null
    },
    "10": {
        "center": [
            27.244049056057165,
            -54.05673313698034,
            -45.13145188547149
        ],
        "label": null
    },
    "0": {
        "center": null,
        "label": null
    },
    "57": {
        "center": [
            22.535278782272314,
            21.28231435539483,
            57.37053233537969
        ],
        "label": null
    },
    "68": {
        "center": [
            18.91707317073171,
            -76.02987804878049,
            54.88658536585366
        ],
        "label": null
    },
    "6": {
        "center": [
            29.42425810904072,
            -5.6893259719346645,
            -38.84011962272832
        ],
        "label": null
    },
    "11": {
        "center": [
            -11.286394741768419,
            -51.88934417704931,
            -46.7488820017888
        ],
        "label": null
    },
    "70": {
        "center": [
            -35.0,
            -74.2207792207792,
            52.22077922077922
        ],
        "label": null
    },
    "22": {
        "center": [
            28.638714826701985,
            28.702413096269126,
            -8.370981710734114
        ],
        "label": null
    },
    "26": {
        "center": [
            29.128088665461334,
            -11.000940747600367,
            -10.790933545001543
        ],
        "label": null
    },
    "50": {
        "center": [
            -11.889290701947814,
            -52.16320470415289,
            30.182403528114662
        ],
        "label": null
    },
    "5": {
        "center": [
            54.391109689798526,
            -6.292292932523182,
            -36.47233770386953
        ],
        "label": null
    },
    "1": {
        "center": [
            51.92675159235669,
            12.652866242038215,
            -35.439490445859875
        ],
        "label": null
    },
    "40": {
        "center": [
            54.479935049872424,
            21.48747390396659,
            23.43678960797959
        ],
        "label": null
    },
    "20": {
        "center": [
            -38.028123149792776,
            55.889283599763175,
            -2.623741859088213
        ],
        "label": null
    },
    "33": {
        "center": [
            51.693396226415096,
            -75.8066037735849,
            -2.2841981132075517
        ],
        "label": null
    },
    "29": {
        "center": [
            57.7836127266507,
            -48.41840574751967,
            -8.143730756072529
        ],
        "label": null
    },
    "15": {
        "center": [
            -14.124829118250176,
            -79.7875939849624,
            -40.81459330143541
        ],
        "label": null
    },
    "45": {
        "center": [
            29.194196297384664,
            -10.910285042609459,
            30.103746694093445
        ],
        "label": null
    },
    "49": {
        "center": [
            29.041935057884466,
            -52.11722154563995,
            30.105248485026337
        ],
        "label": null
    },
    "8": {
        "center": [
            -44.28340317707827,
            -5.01305915602768,
            -38.32784329012767
        ],
        "label": null
    },
    "67": {
        "center": [
            -41.45886419753086,
            -46.69135802469137,
            57.695308641975316
        ],
        "label": null
    },
    "41": {
        "center": [
            28.027097984060006,
            28.998999843725585,
            29.032130020315677
        ],
        "label": null
    },
    "44": {
        "center": [
            58.30946309675591,
            -12.556877744723053,
            28.170633234169145
        ],
        "label": null
    },
    "14": {
        "center": [
            24.839605818864385,
            -79.35870483341154,
            -41.283247301736274
        ],
        "label": null
    },
    "18": {
        "center": [
            23.86606892687027,
            59.23138133931073,
            -4.315326421966944
        ],