{
    "4": {
        "center": [
            36.11781499809669,
            2.2817853064331928,
            -42.520746098210886
        ],
        "label": null
    },
    "38": {
        "center": [
            -58.62876436312149,
            -29.908402766432502,
            -16.20601208952786
        ],
        "label": null
    },
    "17": {
        "center": [
            -51.6693641618497,
            -57.129479768786126,
            -42.33872832369942
        ],
        "label": null
    },
    "27": {
        "center": [
            -30.998355903604036,
            36.84013325833946,
            -12.769826504564534
        ],
        "label": null
    },
    "104": {
        "center": [
            -24.45927086300199,
            -30.89490173739675,
            72.02848191398462
        ],
        "label": null
    },
    "66": {
        "center": [
            37.447299524871525,
            -65.4758799573354,
            14.861558227479875
        ],
        "label": null
    },
    "53": {
        "center": [
            -31.172867063492063,
            38.23690476190476,
            14.535119047619048
        ],
        "label": null
    },
    "21": {
        "center": [
            29.552207428170988,
            61.363349684653116,
            -9.071829011913103
        ],
        "label": null
    },
    "63": {
        "center": [
            -32.322705823172925,
            -30.836227752892427,
            14.948020217021579
        ],
        "label": null
    },
    "61": {
        "center": [
            38.17870147065778,
            -30.87726391450323,
            15.010592519033437
        ],
        "label": null
    },
    "5": {
        "center": [
            8.802624936900557,
            -1.282180716809691,
            -40.67339727410399
        ],
        "label": null
    },
    "24": {
        "center": [
            56.229166666666664,
            30.635416666666664,
            -4.34375
        ],
        "label": null
    },
    "10": {
        "center": [
            1.9212994145381117,
            -37.072327858660174,
            -49.17196000207243
        ],
        "label": null
    },
    "0": {
        "center": null,
        "label": null
    },
    "37": {
        "center": [
            -31.67617563525775,
            -31.235076783874135,
            -18.900972679518432
        ],
        "label": null
    },
    "11": {
        "center": [
            -28.403372722796647,
            -42.050221565731164,
            -46.66568193008371
        ],
        "label": null
    },
    "78": {
        "center": [
            2.8841395956954727,
            36.11093231419089,
            45.71034898923867
        ],
        "label": null
    },
    "26": {
        "center": [
            2.597162758003705,
            38.78337273947217,
            -15.393188063135028
        ],
        "label": null
    },
    "65": {
        "center": [
            59.92977576916391,
            -56.87067616895533,
            13.798713714583698
        ],
        "label": null
    },
    "1": {
        "center": [
            34.46601941747573,
            23.077669902912618,
            -39.57766990291262
        ],
        "label": null
    },
    "36": {
        "center": [
            3.061255405966719,
            -30.68849414811737,
            -20.027536833874947
        ],
        "label": null
    },
    "43": {
        "center": [
            -55.04981549815497,
            -59.155227552275534,
            -16.148831488314883
        ],
        "label": null
    },
    "30": {
        "center": [
            37.87269855489285,
            3.8387279285225873,
            -19.88936561446522
        ],
        "label": null
    },
    "19": {
        "center": [
            13.901365705614566,
            -86.05918057663126,
            -41.39150227617603
        ],
        "label": null
    },
    "99": {
        "center": [
            25.962378640776706,
            -3.7481796116504853,
            70.46055825242718
        ],
        "label": null
    },
    "8": {
        "center": [
            56.96153846153846,
            -14.961538461538467,
            -38.73076923076923
        ],
        "label": null
    },
    "44": {
        "center": [
            29.850281690140847,
            -89.57507042253522,
            -14.962112676056336
        ],
        "label": null
    },
    "14": {
        "center": [
            34.30324192068508,
            -63.33479457640942,
            -47.55729432154144
        ],
        "label": null
    },
    "18": {
        "center": [
            26.298039215686273,
            -85.61176470588236,
            -41.537254901960786
        ],
        "label": null
    },
    "55": {
        "center": [
            60.863113113113116,
            1.0403737070403736,
            15.028361695028366
        ],
        "label": null
    },
    "25": {
        "center": [
            35.88263376819815,
            36.25675931177916,
            -12.793344677632824
        ],
        "label": null
    },
    "105": {
        "center": [
            26.2565445026178,
            -54.07434554973821,
            70.33193717277487
        ],
        "label": null
    },
    "70": {
        "center": [
            30.027801539777585,
            -90.18712574850301,
            12.120722840034219
        ],
        "label": null
    },
    "15": {
        "center": [
            3.420141784820686,
            -62.88657214345287,
            -48.503127606338616
        ],
        "label": null
    },
    "39": {
        "center": [
            59.598575590806085,
            -56.043703463904166,
            -12.301392036257688
        ],
        "label": null
    },
    "103": {
        "center": [
            3.232075331800985,
            -30.7423444798695,
            73.15919033143027
        ],
        "label": null
    },
    "96": {
        "center": [
            26.3677130044843,
            -86.26905829596413,
            37.72197309417041
        ],
        "label": null
    },
    "23": {
        "center": [
            -24.935090702947846,
            61.54648526077098,
            -9.182256235827666
        ],
        "label": null
    },
    "45": {
        "center": [
            2.5733816964285694,
            -90.93840680803572,
            -15.661411830357139
        ],
        "label": null
    },
    "84": {
        "center": [
            -30.84043760966044,
            3.427004850861806,
            48.67024460728662
        ],
        "label": null
    },
    "57": {
        "center": [
            3.2591458747895388,
            4.015842645032905,
            15.081305168631047
        ],
        "label": null
    },
    "52": {
        "center": [
            3.0,
            39.0,
            15.0
        ],
        "label": null
    },
    "76": {
        "center": [
            56.1875,
            23.0625,
            34.0625
        ],
        "label": null
    },
    "46": {
        "center": [
            -26.1626883834129,
            -90.51624075634186,
            -15.37732846578676
        ],
        "label": null
    },
    "100": {
        "center": [
            3.079580588788815,
            -0.6020970560559249,
            71.28054846081463
        ],
        "label": null
    },
    "102": {
        "center": [
            28.587537091988132,
            -31.110781404549954,
            71.51038575667656
        ],
        "label": null
    },
    "81": {
        "center": [
            59.11553784860558,
            -2.5440057950018087,
            39.15211879753713
        ],
        "label": null
    },
    "12": {
        "center": [
            -50.81147540983608,
            -46.327868852459005,
            -41.76229508196721
        ],
        "label": null
    },
    "95": {
        "center": [
            -54.29268292682926,
            -57.017661900756934,
            40.82982898794505
        ],
        "label": null
    },