{
    "4": {
        "center": [
            55.899319727891154,
            -6.553741496598633,
            -38.27619047619048
        ],
        "label": null
    },
    "38": {
        "center": [
            -36.108128775713084,
            -72.2936708215442,
            -15.883230098646479
        ],
        "label": null
    },
    "17": {
        "center": [
            27.73151364764268,
            60.733002481389576,
            -7.363606286186936
        ],
        "label": null
    },
    "27": {
        "center": [
            -2.296355977072352,
            -1.4679220091618532,
            -15.240141801523905
        ],
        "label": null
    },
    "66": {
        "center": [
            23.631018008085263,
            -97.1425946343256,
            11.56339581036383
        ],
        "label": null
    },
    "53": {
        "center": [
            -2.1920368190088766,
            -1.2111099218666368,
            20.408712405009098
        ],
        "label": null
    },
    "21": {
        "center": [
            33.99141407968712,
            33.56929846003422,
            -11.604100464434126
        ],
        "label": null
    },
    "63": {
        "center": [
            -2.028290993071593,
            -74.86003822569086,
            19.87737915107111
        ],
        "label": null
    },
    "61": {
        "center": [
            57.25210304942166,
            -62.84121976866456,
            17.709779179810724
        ],
        "label": null
    },
    "5": {
        "center": [
            34.93601913446446,
            0.9292921743030149,
            -41.37783092906794
        ],
        "label": null
    },
    "24": {
        "center": [
            -58.0,
            18.0,
            1.0
        ],
        "label": null
    },
    "10": {
        "center": [
            31.699808429118775,
            -46.543869731800754,
            -46.11315453384419
        ],
        "label": null
    },
    "0": {
        "center": null,
        "label": null
    },
    "37": {
        "center": [
            -2.1265877331582317,
            -74.39301910409785,
            -16.61170049042743
        ],
        "label": null
    },
    "11": {
        "center": [
            -1.4058305720119222,
            -41.96676373129833,
            -48.82397831107541
        ],
        "label": null
    },
    "78": {
        "center": [
            -35.47994883084429,
            -2.423781757601006,
            52.40346284286309
        ],
        "label": null
    },
    "26": {
        "center": [
            35.059376301024955,
            -1.0159195892230457,
            -16.942110584643444
        ],
        "label": null
    },
    "65": {
        "center": [
            -60.037372593431485,
            -61.133069082672705,
            16.266704416761044
        ],
        "label": null
    },
    "1": {
        "center": [
            34.055456171735244,
            20.598389982110916,
            -39.03309481216458
        ],
        "label": null
    },
    "36": {
        "center": [
            33.228803689555576,
            -72.86131556880648,
            -16.21489797819808
        ],
        "label": null
    },
    "43": {
        "center": [
            26.650571944611684,
            60.56098735701384,
            14.611559301625533
        ],
        "label": null
    },
    "30": {
        "center": [
            61.10060830152672,
            -36.26908396946564,
            -12.718392175572518
        ],
        "label": null
    },
    "19": {
        "center": [
            -29.681181181181188,
            59.93268268268268,
            -6.718968968968966
        ],
        "label": null
    },
    "8": {
        "center": [
            -58.52307692307693,
            -12.07692307692308,
            -36.66153846153846
        ],
        "label": null
    },
    "44": {
        "center": [
            -1.6423493208828575,
            61.95410653650255,
            17.150042444821736
        ],
        "label": null
    },
    "14": {
        "center": [
            31.364791765138385,
            -68.81508324142641,
            -46.093062339162856
        ],
        "label": null
    },
    "18": {
        "center": [
            -1.3299105178230946,
            61.89614199794631,
            -10.092489364823237
        ],
        "label": null
    },
    "55": {
        "center": [
            -61.51787482125178,
            -5.490705092949071,
            18.884281157188425
        ],
        "label": null
    },
    "25": {
        "center": [
            59.76915128134472,
            -4.947643979057588,
            -15.21431523835767
        ],
        "label": null
    },
    "70": {
        "center": [
            0.5605095541401255,
            56.359872611464965,
            40.85828025477707
        ],
        "label": null
    },
    "15": {
        "center": [
            -2.3959741124964324,
            -69.56414771104977,
            -45.58061292471686
        ],
        "label": null
    },
    "39": {
        "center": [
            -60.03451407811082,
            -60.97093551316985,
            -7.937329700272471
        ],
        "label": null
    },
    "23": {
        "center": [
            -35.982196268337844,
            33.25886625836775,
            -11.085742771684949
        ],
        "label": null
    },
    "45": {
        "center": [
            -28.44375364289877,
            59.74237419856227,
            13.417136195842232
        ],
        "label": null
    },
    "84": {
        "center": [
            -60.6637371035537,
            -34.980894153611004,
            44.018723729461215
        ],
        "label": null
    },
    "57": {
        "center": [
            35.238088531187124,
            -38.021267605633795,
            20.06997987927565
        ],
        "label": null
    },
    "52": {
        "center": [
            35.0,
            -1.0,
            20.0
        ],
        "label": null
    },
    "76": {
        "center": [
            32.690226034361395,
            -2.107099095341141,
            53.356623302135205
        ],
        "label": null
    },
    "46": {
        "center": [
            56.493865905848786,
            25.85477888730385,
            15.686447931526388
        ],
        "label": null
    },
    "81": {
        "center": [
            33.23681598929124,
            -37.65872741120265,
            54.83676059913684
        ],
        "label": null
    },
    "12": {
        "center": [
            -34.092683300168375,
            -47.16960048982091,
            -46.09344864533905
        ],
        "label": null
    },
    "95": {
        "center": [
            -23.14925373134328,
            -33.04179104477612,
            76.53432835820897
        ],
        "label": null
    },
    "32": {
        "center": [
            -2.121949194753441,
            -37.83255852565168,
            -17.31240660800266
        ],
        "label": null
    },
    "48": {
        "center": [
            -2.0017014878125963,
            36.03767014878126,
            20.027560145615695
        ],
        "label": null
    },
    "33": {
        "center": [
            -38.682562023401886,
            -38.3610906875617,
            -15.99722706552108
        ],
        "label": null
    },
    "47": {
        "center": [
            33.833243644660655,
            34.935983812988354,
            19.301353940202773
        ],
        "label": null
    },
    "49": {
        "center": [
            -36.26626150203802,
            34.01452246711088,
            18.791755143882256
        ],
        "label": null
    },
    "91": {
        "center": [
            -2.476815398075246,
            -13.937882764654418,
            77.07874015748033
        ],
        "label": null
    },
    "62": {
        "center": [
            33.30149315256722,
            -73.0046718270508,
            19.356455823753038
        ],
        "label": null
    },