{
    "3": {
        "center": [
            0.6163618554741817,
            -21.386407678675567,
            13.410370240421557
        ]
    },
    "0": {
        "center": null
    },
    "1": {
        "center": [
            0.37784337595111595,
            -16.26480006223416,
            11.111188903816682
        ]
    },
    "2": {
        "center": [
            0.604692170368196,
            -25.09441659085779,
            6.177236817805621
        ]
    }
}